train_rows,test_rows,accuracy,macro_f1,weighted_f1
1359,340,0.788235294117647,0.7596522874611974,0.7978122108575523
