train_rows,test_rows,accuracy,macro_f1,weighted_f1
800,200,0.785,0.6437976787532907,0.800342364674007
