label,precision,recall,f1_score,support
Backend,0.18181818181818182,0.5,0.26666666666666666,4
Data Analyst,0.5,0.7692307692307693,0.6060606060606061,13
Data Scientist,0.75,0.8571428571428571,0.8,7
DevOps,0.7692307692307693,0.6818181818181818,0.7228915662650602,44
ML Engineer,0.625,0.625,0.625,8
Other,0.9351851851851852,0.8416666666666667,0.8859649122807017,120
QA,0.5,0.75,0.6,4
