train_rows,test_rows,accuracy,macro_f1,weighted_f1
800,200,0.765,0.6479739234940096,0.7742044779108983
