train_rows,test_rows,accuracy,macro_f1,weighted_f1
800,200,0.805,0.671660482374768,0.8191704545454546
