train_rows,test_rows,skills,micro_f1,macro_f1,precision_at_5,recall_at_5,threshold
1135,284,34,0.6409356725146199,0.5255731077691104,0.5471830985915496,0.7640385289593035,0.35
